timestamp,dataset,rank1,mAP,loss
2025-07-29 22:54:32,0,0.4000,0.2932,0.0000
2025-07-29 23:44:35,0,0.4667,0.3568,0.0000
2025-07-30 00:44:21,0,0.4833,0.3900,0.0000
2025-07-30 01:40:37,0,0.5333,0.4256,0.0000
2025-07-30 02:40:44,0,0.5667,0.4359,0.0000
2025-07-30 03:37:02,0,0.5833,0.4456,0.0000
2025-07-30 04:38:25,0,0.6167,0.4574,0.0000
2025-07-30 05:35:01,0,0.6167,0.4558,0.0000
2025-07-30 06:38:14,0,0.6167,0.4551,0.0000
2025-07-30 07:36:32,0,0.6167,0.4664,0.0000
2025-07-30 08:30:55,0,0.6333,0.4635,0.0000
